{"cameraMode":{"drawMode":0,"name":"Shaded","section":"Shading Mode"},"sceneLighting":true,"audioPlay":false,"sceneViewState":{"showFog":true,"showMaterialUpdate":false,"showSkybox":true,"showFlares":true,"showImageEffects":true,"showParticleSystems":true},"in2DMode":false,"pivot":{"x":-4.575466156005859,"y":7.914482116699219,"z":-5.388201713562012},"rotation":{"x":0.3186459243297577,"y":-0.6190362572669983,"z":0.30316078662872317,"w":0.65065598487854},"size":35.807098388671878,"orthographic":false}